,buy,sell,trade_profit,total_profit
0,1876.06,1875.48,-0.5799999999999272,-0.5799999999999272
